date,close
2/8/2019,1588.22
2/7/2019,1614.37
2/6/2019,1640.26
2/5/2019,1658.81
2/4/2019,1633.31
2/1/2019,1626.23
1/31/2019,1718.73
1/30/2019,1670.43
1/29/2019,1593.88
1/28/2019,1637.89
1/25/2019,1670.57
1/24/2019,1654.93
1/23/2019,1640.02
1/22/2019,1632.17
1/18/2019,1696.2
1/17/2019,1693.22
1/16/2019,1683.78
1/15/2019,1674.56
1/14/2019,1617.21
1/11/2019,1640.56
1/10/2019,1656.22
1/9/2019,1659.42
1/8/2019,1656.58
1/7/2019,1629.51
1/4/2019,1575.39
1/3/2019,1500.28
1/2/2019,1539.13
12/31/2018,1501.97
12/28/2018,1478.02
12/27/2018,1461.64
12/26/2018,1470.9
12/24/2018,1343.96
12/21/2018,1377.45
12/20/2018,1460.83
12/19/2018,1495.08
12/18/2018,1551.48
12/17/2018,1520.91
12/14/2018,1591.91
12/13/2018,1658.38
12/12/2018,1663.54
12/11/2018,1643.24
12/10/2018,1641.03
12/7/2018,1629.13
12/6/2018,1699.19
12/4/2018,1668.4
12/3/2018,1772.36
11/30/2018,1690.17
11/29/2018,1673.57
11/28/2018,1677.75
11/27/2018,1581.42
11/26/2018,1581.33
11/23/2018,1502.06
11/21/2018,1516.73
11/20/2018,1495.46
11/19/2018,1512.29
11/16/2018,1593.41
11/15/2018,1619.44
11/14/2018,1599.01
11/13/2018,1631.17
11/12/2018,1636.85
11/9/2018,1712.43
11/8/2018,1754.91
11/7/2018,1755.49
11/6/2018,1642.81
11/5/2018,1627.8
11/2/2018,1665.53
11/1/2018,1665.53
10/31/2018,1598.01
10/30/2018,1530.42
10/29/2018,1538.88
10/26/2018,1642.81
10/25/2018,1782.17
10/24/2018,1664.2
10/23/2018,1768.7
10/22/2018,1789.3
10/19/2018,1764.03
10/18/2018,1770.72
10/17/2018,1831.73
10/16/2018,1819.96
10/15/2018,1760.95
10/12/2018,1788.61
10/11/2018,1719.36
10/10/2018,1755.25
10/9/2018,1870.32
10/8/2018,1864.42
10/5/2018,1889.65
10/4/2018,1909.42
10/3/2018,1952.76
10/2/2018,1971.31
10/1/2018,2004.36
9/28/2018,2003
9/27/2018,2012.98
9/26/2018,1974.85
9/25/2018,1974.55
9/24/2018,1934.36
9/21/2018,1915.01
9/20/2018,1944.3
9/19/2018,1926.42
9/18/2018,1941.05
9/17/2018,1908.03
9/14/2018,1970.19
9/13/2018,1989.87
9/12/2018,1990
9/11/2018,1987.15
9/10/2018,1939.01
9/7/2018,1952.07
9/6/2018,1958.31
9/5/2018,1994.82
9/4/2018,2039.51
8/31/2018,2012.71
8/30/2018,2002.38
8/29/2018,1998.1
8/28/2018,1932.82
8/27/2018,1927.68
8/24/2018,1905.39
8/23/2018,1902.9
8/22/2018,1904.9
8/21/2018,1883.42
8/20/2018,1876.71
8/17/2018,1882.22
8/16/2018,1886.52
8/15/2018,1882.62
8/14/2018,1919.65
8/13/2018,1896.2
8/10/2018,1886.3
8/9/2018,1898.52
8/8/2018,1886.52
8/7/2018,1862.48
8/6/2018,1847.75
8/3/2018,1823.29
8/2/2018,1834.33
8/1/2018,1797.17
7/31/2018,1777.44
7/30/2018,1779.22
7/27/2018,1817.27
7/26/2018,1808
7/25/2018,1863.61
7/24/2018,1829.24
7/23/2018,1802
7/20/2018,1813.7
7/19/2018,1812.97
7/18/2018,1842.92
7/17/2018,1843.93
7/16/2018,1822.49
7/13/2018,1813.03
7/12/2018,1796.62
7/11/2018,1755
7/10/2018,1743.07
7/9/2018,1739.02
7/6/2018,1710.63
7/5/2018,1699.73
7/3/2018,1693.96
7/2/2018,1713.78
6/29/2018,1699.8
6/28/2018,1701.45
6/27/2018,1660.51
6/26/2018,1691.09
6/25/2018,1663.15
6/22/2018,1715.67
6/21/2018,1730.22
6/20/2018,1750.08
6/19/2018,1734.78
6/18/2018,1723.79
6/15/2018,1715.97
6/14/2018,1723.86
6/13/2018,1704.86
6/12/2018,1698.75
6/11/2018,1689.12
6/8/2018,1683.99
6/7/2018,1689.3
6/6/2018,1695.75
6/5/2018,1696.35
6/4/2018,1665.27
6/1/2018,1641.54
5/31/2018,1629.62
5/30/2018,1624.89
5/29/2018,1612.87
5/25/2018,1610.15
5/24/2018,1603.07
5/23/2018,1601.86
5/22/2018,1581.4
5/21/2018,1585.46
5/18/2018,1574.37
5/17/2018,1581.76
5/16/2018,1587.28
5/15/2018,1576.12
5/14/2018,1601.54
5/11/2018,1602.91
5/10/2018,1609.08
5/9/2018,1608
5/8/2018,1592.39
5/7/2018,1600.14
5/4/2018,1580.95
5/3/2018,1572.075
5/2/2018,1569.68
5/1/2018,1582.26
4/30/2018,1566.13
4/27/2018,1572.62
4/26/2018,1517.96
4/25/2018,1460.17
4/24/2018,1460.09
4/23/2018,1517.86
4/20/2018,1527.49
4/19/2018,1556.91
4/18/2018,1527.84
4/17/2018,1503.83
4/16/2018,1441.5
4/13/2018,1430.79
4/12/2018,1448.5
4/11/2018,1427.05
4/10/2018,1436.22
4/9/2018,1406.08
4/6/2018,1405.23
4/5/2018,1451.75
4/4/2018,1410.57
4/3/2018,1392.05
4/2/2018,1371.99
3/29/2018,1447.34
3/28/2018,1431.42
3/27/2018,1497.05
3/26/2018,1555.86
3/23/2018,1495.56
3/22/2018,1544.92
3/21/2018,1581.86
3/20/2018,1586.51
3/19/2018,1544.93
3/16/2018,1571.68
3/15/2018,1582.32
3/14/2018,1591
3/13/2018,1588.18
3/12/2018,1598.39
3/9/2018,1578.89
3/8/2018,1551.86
3/7/2018,1545
3/6/2018,1537.64
3/5/2018,1523.61
3/2/2018,1500.25
3/1/2018,1493.45
2/28/2018,1512.45
2/27/2018,1511.98
2/26/2018,1521.95
2/23/2018,1500
2/22/2018,1485.34
2/21/2018,1482.92
2/20/2018,1468.35
2/16/2018,1448.69
2/15/2018,1461.76
2/14/2018,1451.05
2/13/2018,1414.51
2/12/2018,1386.23
2/9/2018,1339.6
2/8/2018,1350.5
2/7/2018,1416.78
2/6/2018,1442.84
2/5/2018,1390
2/2/2018,1429.95
2/1/2018,1390
1/31/2018,1450.89
1/30/2018,1437.82
1/29/2018,1417.68
1/26/2018,1402.05
1/25/2018,1377.95
1/24/2018,1357.51
1/23/2018,1362.54
1/22/2018,1327.31
1/19/2018,1294.58
1/18/2018,1293.32
1/17/2018,1295
1/16/2018,1304.86
1/12/2018,1305.2
1/11/2018,1276.68
1/10/2018,1254.33
1/9/2018,1252.7
1/8/2018,1246.87
1/5/2018,1229.14
1/4/2018,1209.59
1/3/2018,1204.2
1/2/2018,1189.01
12/29/2017,1169.47
12/28/2017,1186.1
12/27/2017,1182.26
12/26/2017,1176.76
12/22/2017,1168.36
12/21/2017,1174.76
12/20/2017,1177.62
12/19/2017,1187.38
12/18/2017,1190.58
12/15/2017,1179.14
12/14/2017,1174.26
12/13/2017,1164.13
12/12/2017,1165.08
12/11/2017,1168.92
12/8/2017,1162
12/7/2017,1159.79
12/6/2017,1152.35
12/5/2017,1141.57
12/4/2017,1133.95
12/1/2017,1162.35
11/30/2017,1176.75
11/29/2017,1161.27
11/28/2017,1193.6
11/27/2017,1195.83
11/24/2017,1186
11/22/2017,1156.16
11/21/2017,1139.49
11/20/2017,1126.31
11/17/2017,1129.88
11/16/2017,1137.29
11/15/2017,1126.69
11/14/2017,1136.84
11/13/2017,1129.17
11/10/2017,1125.35
11/9/2017,1129.13
11/8/2017,1132.88
11/7/2017,1123.17
11/6/2017,1120.66
11/3/2017,1111.6
11/2/2017,1094.22
11/1/2017,1103.68
10/31/2017,1105.28
10/30/2017,1110.85
10/27/2017,1100.95
10/26/2017,972.43
10/25/2017,972.91
10/24/2017,975.9
10/23/2017,966.3
10/20/2017,982.91
10/19/2017,986.61
10/18/2017,997
10/17/2017,1009.13
10/16/2017,1006.34
10/13/2017,1002.94
10/12/2017,1000.93
10/11/2017,995
10/10/2017,987.2
10/9/2017,990.99
10/6/2017,989.58
10/5/2017,980.85
10/4/2017,965.45
10/3/2017,957.1
10/2/2017,959.19
9/29/2017,961.35
9/28/2017,956.4
9/27/2017,950.87
9/26/2017,938.6
9/25/2017,939.79
9/22/2017,955.1
9/21/2017,964.65
9/20/2017,973.21
9/19/2017,969.86
9/18/2017,974.19
9/15/2017,986.79
9/14/2017,992.21
9/13/2017,999.6
9/12/2017,982.58
9/11/2017,977.96
9/8/2017,965.9
9/7/2017,979.47
9/6/2017,967.8
9/5/2017,965.27
9/1/2017,978.25
8/31/2017,980.6
8/30/2017,967.59
8/29/2017,954.06
8/28/2017,946.02
8/25/2017,945.26
8/24/2017,952.45
8/23/2017,958
8/22/2017,966.9
8/21/2017,953.29
8/18/2017,958.47
8/17/2017,960.57
8/16/2017,978.18
8/15/2017,982.74
8/14/2017,983.3
8/11/2017,967.99
8/10/2017,956.92
8/9/2017,982.01
8/8/2017,989.84
8/7/2017,992.27
8/4/2017,987.58
8/3/2017,986.92
8/2/2017,995.89
8/1/2017,996.19
7/31/2017,987.78
7/28/2017,1020.04
7/27/2017,1046
7/26/2017,1052.8
7/25/2017,1039.87
7/24/2017,1038.95
7/21/2017,1025.67
7/20/2017,1028.7
7/19/2017,1026.87
7/18/2017,1024.45
7/17/2017,1010.04
7/14/2017,1001.81
7/13/2017,1000.63
7/12/2017,1006.51
7/11/2017,994.13
7/10/2017,996.47
7/7/2017,978.76
7/6/2017,965.14
7/5/2017,971.4
7/3/2017,953.66
6/30/2017,968
6/29/2017,975.93
6/28/2017,990.33
6/27/2017,976.78
6/26/2017,993.98
6/23/2017,1003.74
6/22/2017,1001.3
6/21/2017,1002.23
6/20/2017,992.59
6/19/2017,995.17
6/16/2017,987.71
6/15/2017,964.17
6/14/2017,976.47
6/13/2017,980.79
6/12/2017,964.91
6/9/2017,978.31
6/8/2017,1010.27
6/7/2017,1010.07
6/6/2017,1003
6/5/2017,1011.34
6/2/2017,1006.73
6/1/2017,995.95
5/31/2017,994.62
5/30/2017,996.7
5/26/2017,995.78
5/25/2017,993.38
5/24/2017,980.35
5/23/2017,971.54
5/22/2017,970.67
5/19/2017,959.84
5/18/2017,958.49
5/17/2017,944.76
5/16/2017,966.07
5/15/2017,957.97
5/12/2017,961.35
5/11/2017,947.62
5/10/2017,948.95
5/9/2017,952.82
5/8/2017,949.04
5/5/2017,934.15
5/4/2017,937.53
5/3/2017,941.03
5/2/2017,946.94
5/1/2017,948.23
4/28/2017,924.99
4/27/2017,918.38
4/26/2017,909.29
4/25/2017,907.62
4/24/2017,907.41
4/21/2017,898.53
4/20/2017,902.06
4/19/2017,899.2
4/18/2017,903.78
4/17/2017,901.99
4/13/2017,884.67
4/12/2017,896.23
4/11/2017,902.36
4/10/2017,907.04
4/7/2017,894.88
4/6/2017,898.28
4/5/2017,909.28
4/4/2017,906.83
4/3/2017,891.51
3/31/2017,886.54
3/30/2017,876.34
3/29/2017,874.32
3/28/2017,856
3/27/2017,846.82
3/24/2017,845.61
3/23/2017,847.38
3/22/2017,848.06
3/21/2017,843.2
3/20/2017,856.97
3/17/2017,852.31
3/16/2017,853.42
3/15/2017,852.97
3/14/2017,852.53
3/13/2017,854.59
3/10/2017,852.46
3/9/2017,853
3/8/2017,850.5
3/7/2017,846.02
3/6/2017,846.61
3/3/2017,849.88
3/2/2017,848.91
3/1/2017,853.08
2/28/2017,845.04
2/27/2017,848.64
2/24/2017,845.24
2/23/2017,852.19
2/22/2017,855.61
2/21/2017,856.44
2/17/2017,845.07
2/16/2017,844.14
2/15/2017,842.7
2/14/2017,836.39
2/13/2017,836.53
2/10/2017,827.46
2/9/2017,821.36
2/8/2017,819.71
2/7/2017,812.5
2/6/2017,807.64
2/3/2017,810.2
2/2/2017,839.95
2/1/2017,832.35
1/31/2017,823.48
1/30/2017,830.38
1/27/2017,835.77
1/26/2017,839.15
1/25/2017,836.52
1/24/2017,822.44
1/23/2017,817.88
1/20/2017,808.33
1/19/2017,809.04
1/18/2017,807.48
1/17/2017,809.72
1/13/2017,817.14
1/12/2017,813.64
1/11/2017,799.02
1/10/2017,795.9
1/9/2017,796.92
1/6/2017,795.99
1/5/2017,780.45
1/4/2017,757.18
1/3/2017,753.67
12/30/2016,749.87
12/29/2016,765.15
12/28/2016,772.13
12/27/2016,771.4
12/23/2016,760.59
12/22/2016,766.34
12/21/2016,770.6
12/20/2016,771.22
12/19/2016,766
12/16/2016,757.77
12/15/2016,761
12/14/2016,768.82
12/13/2016,774.34
12/12/2016,760.12
12/9/2016,768.66
12/8/2016,767.33
12/7/2016,770.42
12/6/2016,764.72
12/5/2016,759.36
12/2/2016,740.34
12/1/2016,743.65
11/30/2016,750.57
11/29/2016,762.52
11/28/2016,766.77
11/25/2016,780.37
11/23/2016,780.12
11/22/2016,785.33
11/21/2016,780
11/18/2016,760.16
11/17/2016,756.4
11/16/2016,746.49
11/15/2016,743.24
11/14/2016,719.07
11/11/2016,739.01
11/10/2016,742.38
11/9/2016,771.88
11/8/2016,787.75
11/7/2016,784.93
11/4/2016,755.05
11/3/2016,767.03
11/2/2016,765.56
11/1/2016,785.41
10/31/2016,789.82
10/28/2016,776.32
10/27/2016,818.36
10/26/2016,822.59
10/25/2016,835.18
10/24/2016,838.09
10/21/2016,818.99
10/20/2016,810.32
10/19/2016,817.69
10/18/2016,817.65
10/17/2016,812.95
10/14/2016,822.96
10/13/2016,829.28
10/12/2016,834.09
10/11/2016,831
10/10/2016,841.71
10/7/2016,839.43
10/6/2016,841.66
10/5/2016,844.36
10/4/2016,834.03
10/3/2016,836.74
9/30/2016,837.31
9/29/2016,829.05
9/28/2016,828.72
9/27/2016,816.11
9/26/2016,799.16
9/23/2016,805.75
9/22/2016,804.7
9/21/2016,789.74
9/20/2016,780.22
9/19/2016,775.1
9/16/2016,778.52
9/15/2016,769.69
9/14/2016,761.09
9/13/2016,761.01
9/12/2016,771.49
9/9/2016,760.14
9/8/2016,784.06
9/7/2016,784.48
9/6/2016,788.87
9/2/2016,772.44
9/1/2016,770.62
8/31/2016,769.16
8/30/2016,767.58
8/29/2016,771.29
8/26/2016,769
8/25/2016,759.22
8/24/2016,757.25
8/23/2016,762.45
8/22/2016,759.48
8/19/2016,757.31
8/18/2016,764.46
8/17/2016,764.63
8/16/2016,764.04
8/15/2016,768.49
8/12/2016,772.56
8/11/2016,771.24
8/10/2016,768.56
8/9/2016,768.31
8/8/2016,766.56
8/5/2016,765.98
8/4/2016,760.77
8/3/2016,754.64
8/2/2016,760.58
8/1/2016,767.74
7/29/2016,758.81
7/28/2016,752.61
7/27/2016,736.67
7/26/2016,735.59
7/25/2016,739.61
7/22/2016,744.86
7/21/2016,744.43
7/20/2016,745.72
7/19/2016,739.95
7/18/2016,736.07
7/15/2016,735.44
7/14/2016,741.2
7/13/2016,742.63
7/12/2016,748.21
7/11/2016,753.78
7/8/2016,745.81
7/7/2016,736.57
7/6/2016,737.61
7/5/2016,728.1
7/1/2016,725.68
6/30/2016,715.62
6/29/2016,715.6
6/28/2016,707.95
6/27/2016,691.36
6/24/2016,698.96
6/23/2016,722.08
6/22/2016,710.6
6/21/2016,715.82
6/20/2016,714.01
6/17/2016,706.39
6/16/2016,717.51
6/15/2016,714.26
6/14/2016,719.3
6/13/2016,715.24
6/10/2016,717.91
6/9/2016,727.65
6/8/2016,726.64
6/7/2016,723.74
6/6/2016,726.73
6/3/2016,725.54
6/2/2016,728.24
6/1/2016,719.44
5/31/2016,722.79
5/27/2016,712.24
5/26/2016,714.91
5/25/2016,708.35
5/24/2016,704.2
5/23/2016,696.75
5/20/2016,702.8
5/19/2016,698.52
5/18/2016,697.45
5/17/2016,695.27
5/16/2016,710.66
5/13/2016,709.92
5/12/2016,717.93
5/11/2016,713.23
5/10/2016,703.07
5/9/2016,679.75
5/6/2016,673.95
5/5/2016,659.09
5/4/2016,670.9
5/3/2016,671.32
5/2/2016,683.85
4/29/2016,659.59
4/28/2016,602
4/27/2016,606.57
4/26/2016,616.88
4/25/2016,626.2
4/22/2016,620.5
4/21/2016,631
4/20/2016,632.99
4/19/2016,627.9
4/18/2016,635.35
4/15/2016,625.89
4/14/2016,620.75
4/13/2016,614.82
4/12/2016,603.17
4/11/2016,595.93
4/8/2016,594.6
4/7/2016,591.43
4/6/2016,602.08
4/5/2016,586.14
4/4/2016,593.19
4/1/2016,598.5
3/31/2016,593.64
3/30/2016,598.69
3/29/2016,593.86
3/28/2016,579.87
3/24/2016,582.95
3/23/2016,569.63
3/22/2016,560.48
3/21/2016,553.98
3/18/2016,552.08
3/17/2016,559.44
3/16/2016,574.27
3/15/2016,577.02
3/14/2016,573.37
3/11/2016,569.61
3/10/2016,558.93
3/9/2016,559.47
3/8/2016,560.26
3/7/2016,562.8
3/4/2016,575.14
3/3/2016,577.49
3/2/2016,580.21
3/1/2016,579.04
2/29/2016,552.52
2/26/2016,555.23
2/25/2016,555.15
2/24/2016,554.04
2/23/2016,552.94
2/22/2016,559.5
2/19/2016,534.9
2/18/2016,525
2/17/2016,534.1
2/16/2016,521.1
2/12/2016,507.08
2/11/2016,503.82
2/10/2016,490.48
2/9/2016,482.07
2/8/2016,488.1
2/5/2016,502.13
2/4/2016,536.26
2/3/2016,531.07
2/2/2016,552.1
2/1/2016,574.81
1/29/2016,587
1/28/2016,635.35
1/27/2016,583.35
1/26/2016,601.25
1/25/2016,596.53
1/22/2016,596.38
1/21/2016,575.02
1/20/2016,571.77
1/19/2016,574.48
1/15/2016,570.18
1/14/2016,593
1/13/2016,581.81
1/12/2016,617.89
1/11/2016,617.74
1/8/2016,607.05
1/7/2016,607.94
1/6/2016,632.65
1/5/2016,633.79
1/4/2016,636.99
12/31/2015,675.89
12/30/2015,689.07
12/29/2015,693.97
12/28/2015,675.2
12/24/2015,662.79
12/23/2015,663.7
12/22/2015,663.15
12/21/2015,664.51
12/18/2015,664.14
12/17/2015,670.65
12/16/2015,675.77
12/15/2015,658.64
12/14/2015,657.91
12/11/2015,640.15
12/10/2015,662.32
12/9/2015,664.79
12/8/2015,677.33
12/7/2015,669.83
12/4/2015,672.64
12/3/2015,666.25
12/2/2015,676.01
12/1/2015,679.06
11/30/2015,664.8
11/27/2015,673.26
11/25/2015,675.34
11/24/2015,671.15
11/23/2015,678.99
11/20/2015,668.45
11/19/2015,661.27
11/18/2015,663.54
11/17/2015,643.3
11/16/2015,647.81
11/13/2015,642.35
11/12/2015,665.6
11/11/2015,673.25
11/10/2015,659.68
11/9/2015,655.49
11/6/2015,659.37
11/5/2015,655.65
11/4/2015,640.95
11/3/2015,625.31
11/2/2015,628.35
10/30/2015,625.9
10/29/2015,626.55
10/28/2015,617.1
10/27/2015,611.01
10/26/2015,608.61
10/23/2015,599.03
10/22/2015,563.91
10/21/2015,555.77
10/20/2015,560.88
10/19/2015,573.15
10/16/2015,570.76
10/15/2015,562.44
10/14/2015,544.83
10/13/2015,548.9
10/12/2015,550.19
10/9/2015,539.8
10/8/2015,533.16
10/7/2015,541.94
10/6/2015,537.48
10/5/2015,543.68
10/2/2015,532.54
10/1/2015,520.72
9/30/2015,511.89
9/29/2015,496.07
9/28/2015,504.06
9/25/2015,524.25
9/24/2015,533.75
9/23/2015,536.07
9/22/2015,538.4
9/21/2015,548.39
9/18/2015,540.26
9/17/2015,538.87
9/16/2015,527.39
9/15/2015,522.37
9/14/2015,521.38
9/11/2015,529.44
9/10/2015,522.24
9/9/2015,516.89
9/8/2015,517.54
9/4/2015,499
9/3/2015,504.72
9/2/2015,510.55
9/1/2015,496.54
8/31/2015,512.89
8/28/2015,518.01
8/27/2015,518.37
8/26/2015,500.77
8/25/2015,466.37
8/24/2015,463.37
8/21/2015,494.47
8/20/2015,515.78
8/19/2015,532.92
8/18/2015,535.02
8/17/2015,535.22
8/14/2015,531.52
8/13/2015,529.66
8/12/2015,525.91
8/11/2015,527.46
8/10/2015,524
8/7/2015,522.62
8/6/2015,529.46
8/5/2015,537.01
8/4/2015,531.9
8/3/2015,535.03
7/31/2015,536.15
7/30/2015,536.76
7/29/2015,529
7/28/2015,526.03
7/27/2015,531.41
7/24/2015,529.42
7/23/2015,482.18
7/22/2015,488.27
7/21/2015,488
7/20/2015,488.1
7/17/2015,483.01
7/16/2015,475.48
7/15/2015,461.19
7/14/2015,465.57
7/13/2015,455.57
7/10/2015,443.51
7/9/2015,434.39
7/8/2015,429.7
7/7/2015,436.72
7/6/2015,436.04
7/2/2015,437.71
7/1/2015,437.39
6/30/2015,434.09
6/29/2015,429.86
6/26/2015,438.1
6/25/2015,440.1
6/24/2015,440.84
6/23/2015,445.99
6/22/2015,436.29
6/19/2015,434.92
6/18/2015,439.39
6/17/2015,427.81
6/16/2015,427.26
6/15/2015,423.67
6/12/2015,429.92
6/11/2015,432.97
6/10/2015,430.77
6/9/2015,425.48
6/8/2015,423.5
6/5/2015,426.95
6/4/2015,430.78
6/3/2015,436.59
6/2/2015,430.99
6/1/2015,430.92
5/29/2015,429.23
5/28/2015,426.57
5/27/2015,431.42
5/26/2015,425.47
5/22/2015,427.63
5/21/2015,431.63
5/20/2015,423.86
5/19/2015,421.71
5/18/2015,425.24
5/15/2015,426
5/14/2015,432.28
5/13/2015,426.87
5/12/2015,431.02
5/11/2015,432.85
5/8/2015,433.69
5/7/2015,426.88
5/6/2015,419.1
5/5/2015,421.19
5/4/2015,423.04
5/1/2015,422.87
4/30/2015,421.78
4/29/2015,429.37
4/28/2015,429.31
4/27/2015,438.56
4/24/2015,445.1
4/23/2015,389.99
4/22/2015,389.8
4/21/2015,391.18
4/20/2015,389.51
4/17/2015,375.56
4/16/2015,386.04
4/15/2015,383.45
4/14/2015,385.11
4/13/2015,382.36
4/10/2015,382.65
4/9/2015,383.54
4/8/2015,381.2
4/7/2015,374.41
4/6/2015,377.04
4/2/2015,372.25
4/1/2015,370.255
3/31/2015,372.1
3/30/2015,374.59
3/27/2015,370.56
3/26/2015,367.35
3/25/2015,370.96
3/24/2015,374.09
3/23/2015,375.11
3/20/2015,378.49
3/19/2015,373.24
3/18/2015,375.135
3/17/2015,371.92
3/16/2015,373.35
3/13/2015,370.58
3/12/2015,374.24
3/11/2015,366.37
3/10/2015,369.51
3/9/2015,378.56
3/6/2015,380.09
3/5/2015,387.83
3/4/2015,382.72
3/3/2015,384.61
3/2/2015,385.655
2/27/2015,380.16
2/26/2015,384.8
2/25/2015,385.37
2/24/2015,378.59
2/23/2015,380.14
2/20/2015,383.66
2/19/2015,378.995
2/18/2015,373.37
2/17/2015,375.43
2/13/2015,381.83
2/12/2015,377.17
2/11/2015,375.14
2/10/2015,372.995
2/9/2015,370.56
2/6/2015,374.28
2/5/2015,373.89
2/4/2015,364.75
2/3/2015,363.55
2/2/2015,364.47
1/30/2015,354.53
1/29/2015,311.78
1/28/2015,303.91
1/27/2015,306.75
1/26/2015,309.66
1/23/2015,312.39
1/22/2015,310.32
1/21/2015,297.25
1/20/2015,289.44
1/16/2015,290.74
1/15/2015,286.95
1/14/2015,293.27
1/13/2015,294.74
1/12/2015,291.41
1/9/2015,296.93
1/8/2015,300.46
1/7/2015,298.42
1/6/2015,295.29
1/5/2015,302.19
1/2/2015,308.52
12/31/2014,310.35
12/30/2014,310.3
12/29/2014,312.04
12/26/2014,309.09
12/24/2014,303.03
12/23/2014,306.285
12/22/2014,306.54
12/19/2014,299.9
12/18/2014,297.73
12/17/2014,298.88
12/16/2014,295.06
12/15/2014,306.07
12/12/2014,307.32
12/11/2014,307.36
12/10/2014,305.84
12/9/2014,312.5
12/8/2014,306.64
12/5/2014,312.63
12/4/2014,316.93
12/3/2014,316.5
12/2/2014,326.31
12/1/2014,326
11/28/2014,338.64
11/26/2014,333.57
11/25/2014,335.04
11/24/2014,335.64
11/21/2014,332.63
11/20/2014,330.54
11/19/2014,326.54
11/18/2014,324.93
11/17/2014,323.05
11/14/2014,327.82
11/13/2014,316.48
11/12/2014,311.51
11/11/2014,312.01
11/10/2014,305.11
11/7/2014,299.86
11/6/2014,296.64
11/5/2014,296.52
11/4/2014,302.81
11/3/2014,305.72
10/31/2014,305.46
10/30/2014,299.07
10/29/2014,294.12
10/28/2014,295.59
10/27/2014,289.97
10/24/2014,287.06
10/23/2014,313.18
10/22/2014,312.97
10/21/2014,315.33
10/20/2014,306.21
10/17/2014,303.64
10/16/2014,302.86
10/15/2014,305.97
10/14/2014,308.31
10/13/2014,306.45
10/10/2014,311.39
10/9/2014,315.37
10/8/2014,322.7
10/7/2014,316.98
10/6/2014,322.2
10/3/2014,322.74
10/2/2014,318.41
10/1/2014,317.46
9/30/2014,322.44
9/29/2014,321.82
9/26/2014,323.21
9/25/2014,321.93
9/24/2014,328.21
9/23/2014,323.63
9/22/2014,324.5
9/19/2014,331.32
9/18/2014,325
9/17/2014,324
9/16/2014,327.76
9/15/2014,323.89
9/12/2014,331.19
9/11/2014,330.52
9/10/2014,331.33
9/9/2014,329.75
9/8/2014,342.34
9/5/2014,346.38
9/4/2014,345.95
9/3/2014,339
9/2/2014,342.38
8/29/2014,339.04
8/28/2014,340.02
8/27/2014,343.18
8/26/2014,341.83
8/25/2014,334.02
8/22/2014,331.59
8/21/2014,332.91
8/20/2014,335.78
8/19/2014,335.13
8/18/2014,334.53
8/15/2014,333.63
8/14/2014,333.21
8/13/2014,326.28
8/12/2014,319.32
8/11/2014,318.33
8/8/2014,316.8
8/7/2014,311.45
8/6/2014,313.89
8/5/2014,312.32
8/4/2014,313.65
8/1/2014,307.06
7/31/2014,312.99
7/30/2014,322.51
7/29/2014,320
7/28/2014,320.41
7/25/2014,324.01
7/24/2014,358.61
7/23/2014,358.14
7/22/2014,360.84
7/21/2014,359.76
7/18/2014,358.66
7/17/2014,352.454
7/16/2014,355.9
7/15/2014,354.44
7/14/2014,355.32
7/11/2014,346.2
7/10/2014,327.92
7/9/2014,329.97
7/8/2014,323.81
7/7/2014,333.55
7/3/2014,337.492
7/2/2014,332.85
7/1/2014,332.39
6/30/2014,324.78
6/27/2014,324.57
6/26/2014,325.69
6/25/2014,327.44
6/24/2014,324.16
6/23/2014,327.24
6/20/2014,324.2
6/19/2014,327
6/18/2014,334.38
6/17/2014,325.62
6/16/2014,327.62
6/13/2014,326.27
6/12/2014,325.91
6/11/2014,335.2
6/10/2014,332.41
6/9/2014,327.5
6/6/2014,329.67
6/5/2014,323.57
6/4/2014,306.78
6/3/2014,307.19
6/2/2014,308.84
5/30/2014,312.55
5/29/2014,313.78
5/28/2014,310.16
5/27/2014,310.82
5/23/2014,312.24
5/22/2014,304.91
5/21/2014,305.01
5/20/2014,301.19
5/19/2014,296.755
5/16/2014,297.7
5/15/2014,295.19
5/14/2014,297.62
5/13/2014,304.64
5/12/2014,302.86
5/9/2014,292.24
5/8/2014,288.32
5/7/2014,292.71
5/6/2014,297.38
5/5/2014,310.05
5/2/2014,308.01
5/1/2014,307.89
4/30/2014,304.13
4/29/2014,300.38
4/28/2014,296.58
4/25/2014,303.83
4/24/2014,337.15
4/23/2014,324.58
4/22/2014,329.32
4/21/2014,330.87
4/17/2014,324.91
4/16/2014,323.68
4/15/2014,316.08
4/14/2014,315.91
4/11/2014,311.73
4/10/2014,317.11
4/9/2014,331.805
4/8/2014,327.07
4/7/2014,317.76
4/4/2014,323
4/3/2014,333.62
4/2/2014,341.96
4/1/2014,342.99
3/31/2014,336.365
3/28/2014,338.29
3/27/2014,338.47
3/26/2014,343.41
3/25/2014,354.71
3/24/2014,351.85
3/21/2014,360.62
3/20/2014,368.97
3/19/2014,373.23
3/18/2014,378.77
3/17/2014,375.04
3/14/2014,373.74
3/13/2014,371.51
3/12/2014,370.64
3/11/2014,368.82
3/10/2014,370.53
3/7/2014,372.06
3/6/2014,372.16
3/5/2014,372.37
3/4/2014,363.9
3/3/2014,359.78
2/28/2014,362.1
2/27/2014,360.13
2/26/2014,359.8
2/25/2014,358.32
2/24/2014,351.78
2/21/2014,346.76
2/20/2014,349.8
2/19/2014,347.38
2/18/2014,353.65
2/14/2014,357.35
2/13/2014,357.2
2/12/2014,349.25
2/11/2014,361.79
2/10/2014,360.87
